review,sentiment
"This product exceeded my expectations; build quality is superb.",positive
"Terrible experience. It broke after two days of light use.",negative
"Average item. Nothing special but it does the job.",neutral
"Absolutely love the design and battery life!",positive
"Worst purchase this year. Support was rude and unhelpful.",negative
"It is okay. Some pros and some cons.",neutral
"Five stars for performance and packaging.",positive
"Stopped working overnight. Requesting a refund.",negative
"Mixed feelings. Good screen but speakers are weak.",neutral
"Delighted with the upgrade; highly recommend.",positive
"Disappointed with the materials; feels cheap.",negative
"Fine for the price point.",neutral
"Outstanding camera and smooth software experience.",positive
"Arrived damaged and replacement took weeks.",negative
"Neither great nor bad.",neutral
"Best value I have found in this category.",positive
"Software bugs make it unusable for work.",negative
"Neutral overall; meets basic requirements.",neutral
"Fantastic customer service and fast shipping.",positive
"Overheats constantly during normal browsing.",negative
"Solid mid-tier option.",neutral
"Thrilled! Works perfectly out of the box.",positive
"Poor quality control; scratches everywhere.",negative
"Acceptable but I expected more features.",neutral
"Gorgeous finish and intuitive controls.",positive
"Loud fan noise ruins the experience.",negative
"Decent product with room for improvement.",neutral
"Highly satisfied; will buy again.",positive
"Refund process was painful and slow.",negative
"It works; not exciting.",neutral
"Remarkable clarity and color accuracy.",positive
"Battery drains far too quickly.",negative
"Middle of the road performance.",neutral
"Wonderful for daily tasks and travel.",positive
"Unreliable connectivity drops every hour.",negative
"Neither recommend nor discourage.",neutral
"Impressive speed and quiet operation.",positive
"Feels flimsy and buttons are mushy.",negative
"Okay for students on a budget.",neutral
"Top-notch build and premium feel.",positive
"Arrived late and missing accessories.",negative
"Balanced review: good display, average battery.",neutral
"Exceeded benchmarks in my tests.",positive
"Customer support never answered emails.",negative
"Average quality for an average price.",neutral
"Stunning aesthetics and great ergonomics.",positive
"Firmware update bricked the device.",negative
"Not bad, not amazing.",neutral
"Perfect for my workflow; very stable.",positive
"Smells strongly of chemicals on arrival.",negative
"Fair product with some standout features.",neutral
